Location,Vehicles,Speed,Time,Hour,Latitude,Longitude
Rajpur Road,174,22.04225061632878,15:18,15,30.324939718613006,78.04191851968694
Rajpur Road,145,23.712800217929825,21:20,21,30.32749505537861,78.042220921675
Clock Tower,128,21.588562353795133,16:41,16,30.31679035472588,78.02980406370641
Prem Nagar,163,16.271118497567322,8:43,8,30.315410371109376,78.02720523555838
Rajpur Road,172,19.762309285605784,14:38,14,30.325570653787008,78.04172666158055
ISBT,158,15.222201298626802,20:06,20,30.344979695379873,78.03433692778525
Prem Nagar,113,29.346744566280616,13:03,13,30.31585962143539,78.02889336656521
ISBT,136,23.133286392543123,7:25,7,30.344046472835412,78.03277626001758
Prem Nagar,116,25.294481522053555,21:44,21,30.317386159895996,78.02910564193742
ISBT,152,21.695510527988215,18:40,18,30.348508895600926,78.03448518222442
Clock Tower,206,12.574988986223676,10:41,10,30.31719854735366,78.03316529815152
Rajpur Road,154,25.02384322752262,6:47,6,30.326394741416344,78.04158934659512
Rajpur Road,184,19.981200142854117,16:34,16,30.324272398031194,78.03986455205111
Clock Tower,194,14.88061175334629,12:13,12,30.316892214268766,78.032002657255
Rajpur Road,164,16.63289374326803,6:51,6,30.32541935937009,78.04014133079373
Clock Tower,163,9.924730645928319,16:28,16,30.31758423898875,78.03212280039727
Prem Nagar,141,23.60461688795568,15:44,15,30.316662904595372,78.0296297075944
ISBT,134,25.76633716556678,19:10,19,30.346798482541242,78.03359450133159
Prem Nagar,108,21.082425259339406,9:12,9,30.315657536287347,78.02850680542407
Clock Tower,140,36.71831708240642,6:50,6,30.31545563405453,78.03149202813644
ISBT,156,8.688425334021325,14:51,14,30.34624352359184,78.03300072690998
Clock Tower,204,5.0,8:48,8,30.316481419991987,78.0320671482653
Clock Tower,174,16.707736711668066,7:52,7,30.316572276251932,78.03505589053498
Prem Nagar,97,31.443296935966472,13:58,13,30.318858041716712,78.02657210653767
Clock Tower,222,12.561628767459517,16:47,16,30.315537806587983,78.03376081886272
Prem Nagar,171,20.167947078176894,8:25,8,30.315907881021356,78.03000779513
Rajpur Road,172,5.0,13:00,13,30.324956607879788,78.0426158346278
Rajpur Road,184,7.045678417830227,15:47,15,30.324660096049197,78.04091352618056
Clock Tower,210,8.762104311296298,12:08,12,30.31444736450577,78.03224277419028
Clock Tower,198,16.48535398490055,16:48,16,30.31805927617712,78.03105942461274
Prem Nagar,64,43.04315621725267,14:34,14,30.31728365797326,78.03022322495855
Clock Tower,144,24.48276804316915,6:03,6,30.318738929413374,78.0326685995051
Clock Tower,220,5.0,8:16,8,30.314903911121384,78.03206965484931
Prem Nagar,78,30.541096252533706,19:29,19,30.315458830692027,78.02907503422291
ISBT,145,25.36080929676727,10:29,10,30.345686267863037,78.03369602490514
Clock Tower,198,6.114212217918586,8:03,8,30.316182411800117,78.0353642029999
Rajpur Road,178,12.65549408613624,17:40,17,30.325586100016263,78.04152871844614
Clock Tower,166,20.685248974518036,10:31,10,30.316351041133345,78.03298840898154
Rajpur Road,119,18.091526895282584,11:57,11,30.32546655520023,78.039201116679
Rajpur Road,161,12.085148510846881,7:25,7,30.32453937107656,78.04148447012714
Clock Tower,159,9.740908718748484,7:24,7,30.317039728846186,78.03423470921267
Prem Nagar,163,17.43653186370316,6:07,6,30.31652871817736,78.02994629678656
Prem Nagar,73,45.40174044553052,20:21,20,30.315832866122673,78.02874671820584
Rajpur Road,180,5.936420644051742,11:48,11,30.32837759028001,78.0390592817689
Prem Nagar,103,33.28411502212801,17:04,17,30.314110154656163,78.0294112310402
Rajpur Road,200,14.143829888024374,18:49,18,30.328466843148874,78.04351209650999
Prem Nagar,94,35.40002688311215,15:52,15,30.314930502840397,78.0265112805405
ISBT,113,25.727493820795257,6:46,6,30.346305984734776,78.034238906233
ISBT,158,29.624033030052814,21:04,21,30.345316773906625,78.03295446019342
ISBT,139,18.12364531739038,17:04,17,30.344279712198468,78.03347476451867
Rajpur Road,159,13.537041717194594,12:35,12,30.325315129646555,78.04354640681657
Clock Tower,170,18.623045003152544,15:57,15,30.31903573458835,78.03150191205275
Rajpur Road,130,26.310517371316354,13:15,13,30.326995796502587,78.04131227967324
Rajpur Road,182,22.644784145100814,6:32,6,30.32700692293887,78.04193768001316
Clock Tower,193,10.857510557182433,15:42,15,30.31732421821532,78.03218516689877
Prem Nagar,107,28.042906117092045,7:34,7,30.315440305609826,78.02806074634192
Rajpur Road,142,25.848010485105124,9:57,9,30.325350253299572,78.04070839887842
Clock Tower,177,12.07059973382853,18:56,18,30.317135322613986,78.03187932991473
Prem Nagar,66,30.697149478590724,12:31,12,30.31716208441256,78.02804784645048
Prem Nagar,142,16.044180936279513,12:24,12,30.3167165910066,78.03018524982893
Rajpur Road,180,12.44866621703272,6:35,6,30.327166574568587,78.04132520460996
Prem Nagar,113,37.52360499000503,15:46,15,30.316970450267682,78.02875056970288
Prem Nagar,156,12.81669765393239,9:52,9,30.31434954587984,78.02836387178584
Rajpur Road,169,24.576466248341102,16:17,16,30.325188893358124,78.04159917744995
Rajpur Road,135,24.218436057459563,12:45,12,30.32609551774513,78.04062353053664
Clock Tower,132,23.995045071220282,13:47,13,30.31589346927145,78.0304718574187
Clock Tower,160,24.800556831240858,20:18,20,30.31788522520609,78.0315271419233
Clock Tower,156,12.940115727747774,19:02,19,30.31827390253779,78.03104463859171
Clock Tower,189,8.063845282238388,6:02,6,30.31647778423681,78.0317536096333
Clock Tower,154,18.9737518813034,6:37,6,30.31585230556881,78.03039604604041
Clock Tower,194,11.471752889692858,7:46,7,30.316583583197424,78.03328020516763
Clock Tower,223,5.0,16:11,16,30.315657823868968,78.03093946673448
ISBT,124,22.20303677277989,15:07,15,30.348327763519862,78.03223004205756
ISBT,110,24.14397269209143,16:53,16,30.344791712691386,78.03214990541255
Rajpur Road,177,19.452619100066055,18:12,18,30.323304752179524,78.04173497175057
ISBT,154,24.385792324723123,10:54,10,30.34772162195753,78.03112362162749
Prem Nagar,68,43.16936187082706,11:58,11,30.317915328144867,78.02833698921746
Rajpur Road,170,25.557648032547142,10:37,10,30.32476702485579,78.04143183208765
Rajpur Road,150,12.004382637312588,19:00,19,30.327419479987523,78.04167495017732
Rajpur Road,170,18.472046436249144,7:27,7,30.32455347548152,78.04049477130663
Rajpur Road,206,9.37837317146429,16:49,16,30.325998776814377,78.04040181615613
Prem Nagar,161,15.850448044951106,19:01,19,30.31582408966625,78.03194710934945
Rajpur Road,108,35.62169395990905,16:50,16,30.325079619607877,78.04088922963366
Rajpur Road,185,12.482119500491882,19:54,19,30.326032202802566,78.04336231924883
ISBT,161,17.636526259529532,10:01,10,30.343655941072775,78.03313334276132
Clock Tower,194,5.0,12:54,12,30.31695070568159,78.03045409274434
Prem Nagar,142,20.146538459844784,8:26,8,30.315178497714186,78.0294852079299
Clock Tower,198,7.756380072501477,7:27,7,30.316591257647875,78.03252355197064
ISBT,133,17.410610537055756,19:25,19,30.345571563568054,78.03195770921309
Clock Tower,238,5.0,13:29,13,30.315749714179738,78.0317716683078
Rajpur Road,137,25.49752200774927,20:46,20,30.32662162511752,78.04055556353296
Rajpur Road,165,24.985563612604054,7:44,7,30.325557763673846,78.04136787073952
ISBT,242,7.197874557172885,18:17,18,30.346391868355667,78.03357350018544
ISBT,158,15.956150882722337,17:09,17,30.344296277879412,78.03120909009392
Rajpur Road,136,21.046053774135657,6:12,6,30.324326484840466,78.04051475198467
Prem Nagar,111,38.66421147686653,9:46,9,30.313887982332876,78.02843075919851
ISBT,118,25.44830660958196,14:36,14,30.347527748892723,78.03384669205242
ISBT,149,12.010029821433054,11:36,11,30.345971196728915,78.03420769692548
Clock Tower,166,13.670035348727996,9:29,9,30.31606629259269,78.03181380795914
Rajpur Road,159,20.45705599323749,11:50,11,30.325808759595006,78.0423894463367
ISBT,99,32.916800961899675,17:04,17,30.345819198766517,78.03410166454805
ISBT,205,10.329776346772162,19:37,19,30.34646869840834,78.0322222590464
Clock Tower,206,5.0,11:49,11,30.31741710263833,78.03211295779776
Prem Nagar,153,23.258190746506678,16:14,16,30.315777637585327,78.02981230131356
Prem Nagar,103,36.9251255733041,10:55,10,30.318046087608217,78.02945741992629
Rajpur Road,195,12.272104216506065,13:10,13,30.32570390774497,78.04111318731753
Clock Tower,166,19.093550857795062,8:58,8,30.317415416748958,78.03286556003883
ISBT,141,26.538084688307045,13:07,13,30.343050272137994,78.0336329341096
Rajpur Road,181,24.842252629330904,20:14,20,30.32626303978282,78.04165466054118
Clock Tower,204,5.0,13:39,13,30.31689231284852,78.03183707936543
Rajpur Road,196,6.395681777558694,15:51,15,30.322853126491683,78.04301897830095
Rajpur Road,174,23.11515396978268,18:37,18,30.325584707019416,78.04256527425902
Clock Tower,225,7.010172400234611,16:09,16,30.31519033147525,78.03111959827288
Clock Tower,156,7.817426995839956,9:55,9,30.31660444227378,78.03096319034407
Rajpur Road,182,8.989173379111875,7:26,7,30.32506684808791,78.04175276059166
Rajpur Road,181,21.637972104394837,9:10,9,30.327196526275923,78.04369918064751
ISBT,123,13.776401692737991,19:42,19,30.3459047130443,78.03420267847801
Prem Nagar,139,30.023522924667645,17:35,17,30.316177398987847,78.02837216285485
Prem Nagar,96,33.15734178567998,17:30,17,30.317077211078086,78.02916866082913
ISBT,162,15.653559041362538,6:53,6,30.344947097338746,78.03260553290848
Rajpur Road,201,6.348003578491248,15:51,15,30.32624531915009,78.03966954618254
Clock Tower,173,18.540700067403346,7:26,7,30.31752269578684,78.02931511515122
ISBT,164,9.551178484135963,9:05,9,30.345893623871056,78.03413056708698
Clock Tower,235,8.632825147738787,17:49,17,30.31622287856375,78.03293544763778
Clock Tower,248,5.0,11:27,11,30.317034478589296,78.03211705426658
Rajpur Road,139,22.94643281736239,12:50,12,30.32560083894107,78.04148990717715
Rajpur Road,227,5.0,18:29,18,30.32491940419848,78.04265466649166
Prem Nagar,112,35.11996494291344,7:53,7,30.315644585060788,78.02902771627322
Prem Nagar,109,29.391481310607244,13:28,13,30.315823480269454,78.02461815364076
Rajpur Road,184,6.567304919451208,17:32,17,30.325420146439885,78.04193331771313
Rajpur Road,111,29.50494176138567,12:58,12,30.32529181956649,78.04252914389814
Rajpur Road,123,28.96499215086194,7:34,7,30.324970575680467,78.04188724947348
Prem Nagar,69,31.697335574064283,7:06,7,30.316515600607797,78.02897388234474
ISBT,112,23.518472954725773,7:02,7,30.34369626499352,78.03531762432111
Rajpur Road,188,10.595062603720507,8:51,8,30.327022252349813,78.04049595296775
ISBT,148,25.916509410082604,19:22,19,30.345046097095832,78.03367896333721
Prem Nagar,171,16.23849741430868,7:44,7,30.316422848775467,78.02728875212979
Clock Tower,141,22.304087111270263,12:36,12,30.31575257459628,78.03159822835919
Rajpur Road,159,24.995788136052788,7:16,7,30.325744776671197,78.0428745103397
Clock Tower,187,17.51345491972757,17:44,17,30.31773498676479,78.0326671169789
Clock Tower,170,21.715329514449593,19:57,19,30.319812914322874,78.03184117736772
ISBT,106,31.705110049329928,10:10,10,30.345282384296446,78.03343827003548
Prem Nagar,142,29.10485815282145,11:33,11,30.31748929846591,78.02875046346239
Rajpur Road,134,26.701549397044957,9:46,9,30.32619198148106,78.04152180334845
Prem Nagar,131,18.555858329591622,7:52,7,30.316840269684736,78.0285632607806
Clock Tower,239,5.0,15:24,15,30.316715814502476,78.03169817727314
Rajpur Road,166,26.529356424138417,17:15,17,30.32678286726019,78.04058664254224
Prem Nagar,144,25.851266729767705,21:05,21,30.317329944817143,78.03044337814612
Prem Nagar,132,24.63843843581556,12:25,12,30.316415801146253,78.02690684687977
Clock Tower,190,9.063652911169106,8:47,8,30.31415701575239,78.03176460112104
Prem Nagar,106,33.23258706284527,15:38,15,30.317854883325044,78.02880350107154
Clock Tower,154,32.909391701349584,8:36,8,30.314971117218057,78.03379684855321
Rajpur Road,154,17.001344708629127,6:03,6,30.32710690735069,78.04022647123735
Clock Tower,100,33.64771383317907,17:01,17,30.31797619357615,78.03310327326139
Rajpur Road,179,13.340433144641214,16:38,16,30.32590739375012,78.04127614206766
ISBT,134,10.776942104570926,14:15,14,30.34716780514071,78.03237988185184
Prem Nagar,112,24.27732535178894,9:04,9,30.31568674919325,78.02707450615048
Clock Tower,139,17.606740267579006,9:17,9,30.315995775819488,78.03176185846937
ISBT,142,17.184213774517616,9:11,9,30.34379042260495,78.0339639577813
Rajpur Road,229,5.0,14:06,14,30.325401132336225,78.04030929818839
Prem Nagar,105,31.98653020732654,8:44,8,30.316320973008292,78.02810870390626
ISBT,131,21.022614404198727,8:55,8,30.344934712018897,78.03256280365399
ISBT,152,12.10081544338228,9:57,9,30.346318327423585,78.03463301835505
Clock Tower,203,14.642654692538,13:02,13,30.31605192087795,78.03069171575159
Prem Nagar,52,35.20814406453608,16:27,16,30.319182809624383,78.02810087382063
Clock Tower,199,20.25102269383175,16:33,16,30.31684303846887,78.03250134814799
Prem Nagar,136,22.994388039614734,21:12,21,30.316217451933355,78.02902255470504
Prem Nagar,156,20.515675255084368,13:39,13,30.31232302940549,78.02785573210942
ISBT,154,27.856602899545884,21:39,21,30.34702445664327,78.03335907928155
Prem Nagar,152,25.446477952228364,20:26,20,30.31748457861744,78.02950872883733
ISBT,148,23.18028323914428,20:22,20,30.345933823385444,78.03300959066755
ISBT,129,26.674777587807625,9:01,9,30.345255611957683,78.03219972921526
ISBT,169,6.737270073480184,13:30,13,30.34472706889613,78.03423471562975
ISBT,140,23.095751638319694,19:06,19,30.34647458101737,78.03579590566795
ISBT,114,25.205537538732244,10:28,10,30.34712366489466,78.03291637659929
ISBT,144,19.17667088346477,6:11,6,30.34591065499587,78.03369021481805
ISBT,132,33.15402294229393,16:34,16,30.34541921119972,78.0354161672481
Prem Nagar,103,38.80578534720295,19:33,19,30.31837862883508,78.02882109968671
Clock Tower,163,21.78550989393146,21:01,21,30.31660674272713,78.03349909645844
Rajpur Road,153,13.665206856332802,10:46,10,30.326946223827314,78.04287265258964
Prem Nagar,86,26.943284951345138,11:14,11,30.316087573982475,78.03075905137183
ISBT,147,26.18647915794064,13:45,13,30.34419815269097,78.03493251752488
Clock Tower,197,12.838542800086575,9:06,9,30.316911270415655,78.03264810386298
Rajpur Road,155,12.293626644908567,19:13,19,30.324820032145766,78.04242466834584
Rajpur Road,119,24.619510657817365,14:21,14,30.326049973526008,78.04039112057973
ISBT,158,18.195710332019956,6:07,6,30.34676888570053,78.03113864765147
Clock Tower,254,5.0,21:10,21,30.316292358145564,78.03127420837188
Clock Tower,161,19.98356983445169,17:56,17,30.316809596390545,78.03266294005174
ISBT,195,15.386811452878357,15:39,15,30.345695676953092,78.03180996237296
Prem Nagar,78,28.86340243326844,11:38,11,30.317727769445625,78.02900990288643
ISBT,135,20.775083393130704,6:39,6,30.34688665928477,78.03394797176797
Rajpur Road,113,31.705638344793,17:07,17,30.327642035450243,78.04295977400105
Prem Nagar,151,17.123823942197163,12:10,12,30.317574231864036,78.02966220616202
Prem Nagar,116,34.2928241943254,20:40,20,30.319087061890592,78.0303066870961
Prem Nagar,89,29.553508812268902,12:52,12,30.316056574059814,78.0291454592753
Rajpur Road,134,23.1322522597627,8:34,8,30.326207189331953,78.03890310638785
Clock Tower,191,15.035979698513703,18:23,18,30.31619114815509,78.03009769911135
Prem Nagar,120,33.901162936754105,7:48,7,30.318161330534025,78.02980894689918
Rajpur Road,156,27.704146064833214,7:14,7,30.32372583176633,78.04370208452305
ISBT,111,20.05610088743894,7:39,7,30.34641974062716,78.0345602561294
Clock Tower,194,12.503368829119538,12:41,12,30.31574932475819,78.03257496424013
Prem Nagar,98,29.689807366128065,14:53,14,30.316776769092318,78.02611038487301
Prem Nagar,174,19.62363210877069,12:05,12,30.318432080962435,78.02692506816457
Clock Tower,204,5.0,20:00,20,30.316949136066693,78.03199578626744
Prem Nagar,96,26.999253638710396,15:02,15,30.314557850599584,78.03075520497711
ISBT,179,11.73121708419344,6:04,6,30.34579218626927,78.03166040933097
Prem Nagar,97,24.076723020962877,17:56,17,30.317205315582342,78.02903818215883
Rajpur Road,196,10.352386948760468,17:55,17,30.326616494811983,78.04276700109787
Prem Nagar,104,29.42121927111887,19:01,19,30.31670868964999,78.03020732405122
Clock Tower,201,9.396417099457086,10:32,10,30.317373155452366,78.03216233506296
Clock Tower,165,5.0,16:42,16,30.31855890720961,78.03302625839405
ISBT,145,26.42933170933903,20:42,20,30.345867211112346,78.03374304187018
ISBT,128,26.927135733124086,10:00,10,30.34621344481263,78.03069453315847
Rajpur Road,154,20.287164365898615,7:00,7,30.324851477247165,78.04359683762465
Rajpur Road,165,17.83384809798259,6:11,6,30.32553804583325,78.04153589848819
Rajpur Road,127,27.942039804711825,21:13,21,30.325837079188208,78.04183907412191
Clock Tower,150,17.799963045022988,21:05,21,30.317507021841262,78.0342784472218
Rajpur Road,169,18.309603771176427,18:30,18,30.32552303398409,78.04169451489237
Clock Tower,207,7.905687064026643,18:40,18,30.316862878613087,78.03115757622899
Rajpur Road,163,12.256628334354579,14:20,14,30.32714770783405,78.04098632009006
Rajpur Road,99,35.55700455186861,18:24,18,30.32720573825974,78.0432036486562
Clock Tower,229,9.249085446713174,15:01,15,30.315733245902774,78.0305122922479
ISBT,101,30.654854857841098,9:14,9,30.349470360372745,78.03323963245155
Rajpur Road,152,21.56042264850435,16:50,16,30.32641596769062,78.041990562401
Rajpur Road,145,18.863376587159145,9:47,9,30.325483737004465,78.03960858641904
Clock Tower,185,19.960011431722997,21:41,21,30.31531369067142,78.03077569281935
Prem Nagar,88,32.71582729653586,17:09,17,30.31563976053557,78.03077041589209
Rajpur Road,164,12.51385975583089,15:55,15,30.327815951800996,78.04156673926096
Prem Nagar,106,34.56166304370752,18:41,18,30.315512854301414,78.0287195896929
Rajpur Road,161,18.00295845601941,14:25,14,30.32574675700364,78.04195195763485
Clock Tower,202,8.331266595862083,13:15,13,30.315228729443437,78.03267306445935
Clock Tower,204,6.397759242552382,17:38,17,30.317396598269113,78.03125900198536
ISBT,142,15.962478311297021,10:46,10,30.346404013850236,78.03401720748649
Clock Tower,174,14.550896501332872,21:36,21,30.31726053225712,78.03259655891694
Rajpur Road,120,29.763510742863136,18:56,18,30.324759581431053,78.04052840213183
ISBT,200,14.61466091104704,15:53,15,30.34517820908571,78.03237094350526
Clock Tower,189,9.529258251559519,15:31,15,30.317671660744157,78.03342485896378
Rajpur Road,193,19.978509171971936,14:07,14,30.324701637623157,78.04234172377156
Clock Tower,181,9.950133844706787,7:04,7,30.315720866945924,78.03063127167988
Prem Nagar,129,28.367644808044624,11:43,11,30.31678054309415,78.02703292522455
Clock Tower,175,12.35668998331419,11:16,11,30.31487129372301,78.031873102237
Rajpur Road,162,14.195563589804593,9:04,9,30.325287401725674,78.04337220061068
Clock Tower,170,10.0511922913395,19:56,19,30.318073452276472,78.03293328758274
Rajpur Road,192,14.645690604535886,21:29,21,30.324717364068892,78.04278331181025
Clock Tower,160,19.366881739721336,11:17,11,30.315596042130796,78.03304717873422
Prem Nagar,135,25.911979799920314,7:13,7,30.315867036811664,78.0293340119025
Prem Nagar,98,29.20559626066701,16:56,16,30.315215286794118,78.02783230467784
Clock Tower,185,12.518633458989516,7:54,7,30.318072087713325,78.03214699668523
ISBT,152,19.105551734044287,8:29,8,30.345692714906153,78.03420618892933
Prem Nagar,109,25.94949433154888,19:08,19,30.318629055004966,78.02921231867003
Rajpur Road,128,30.965342577943574,9:17,9,30.32417450462963,78.04087638073193
Prem Nagar,60,36.90874418128582,20:13,20,30.316647876327497,78.0297513541809
Clock Tower,180,7.440818838249202,14:05,14,30.31816824905882,78.03276937236762
Clock Tower,208,5.0,20:03,20,30.31554055329452,78.03252185755059
Clock Tower,125,21.76735239403781,19:19,19,30.317109309204376,78.03216478610213
ISBT,100,36.28218171172595,20:50,20,30.346570920187798,78.032649251737
Clock Tower,184,11.514570144409806,14:22,14,30.316243868554885,78.03388887136423
Rajpur Road,176,10.187836569942602,6:03,6,30.32474904833812,78.04232535275216
Prem Nagar,134,34.643410343988364,12:49,12,30.31465884164834,78.02999492229911
Rajpur Road,121,32.52703095305836,16:27,16,30.325080961285963,78.04289249372242
ISBT,132,10.644788539275453,11:37,11,30.346349755273845,78.03411098619236
Rajpur Road,173,9.43201544839502,18:20,18,30.327699089946453,78.04225282048826
ISBT,91,42.10279308308026,9:54,9,30.34450707252035,78.03316287320341
Clock Tower,215,5.0,13:34,13,30.31506832805411,78.03205189378481
Clock Tower,194,10.616713950838648,6:40,6,30.317714283974194,78.0324852628
Prem Nagar,101,38.93004856773468,18:32,18,30.31569711271361,78.03014788562487
ISBT,167,19.14334124793568,12:33,12,30.345594834090623,78.03338326147906
Prem Nagar,100,30.84197596237623,13:44,13,30.316831852400274,78.0298593991042
Rajpur Road,192,14.476848135961877,8:23,8,30.324874793114127,78.04120901912502
Clock Tower,216,5.0,12:50,12,30.314883448452566,78.0309340631538
Prem Nagar,157,19.542080041487143,13:09,13,30.31520800687857,78.02676564300015
ISBT,155,20.228669914606765,13:24,13,30.345735735115884,78.03218242414681
Clock Tower,188,7.7718957511281666,19:40,19,30.314996893185164,78.03149704501571
Clock Tower,170,19.43473246323611,9:11,9,30.316467409879916,78.032789170129
Rajpur Road,205,11.539178781448118,21:31,21,30.325668415749877,78.04162231073464
Prem Nagar,112,23.70493078483154,19:57,19,30.31677594533741,78.02781003744283
Clock Tower,186,15.362497761107582,8:45,8,30.31588625933334,78.0311875199108
Clock Tower,189,13.529492399069245,6:11,6,30.314891336183997,78.03319560026434
Clock Tower,191,19.795611675746876,12:43,12,30.319054735866896,78.03292641362842
Prem Nagar,131,20.543215531040858,16:49,16,30.316717225870445,78.02734380166244
Rajpur Road,130,15.13694935842089,10:32,10,30.32416468332181,78.04125231331425
Prem Nagar,150,21.025133435309396,10:46,10,30.31546939347246,78.02919275718553
Prem Nagar,144,16.56643448753909,6:03,6,30.316199438353213,78.02887645181703
Prem Nagar,81,39.189769475528784,10:45,10,30.316794022314554,78.02866308455363
Rajpur Road,180,5.0,9:21,9,30.327453431204415,78.04243423247242
ISBT,146,22.89766221953514,16:15,16,30.344758122024302,78.0339779365206
Rajpur Road,127,24.629261683626883,20:03,20,30.325472725709155,78.04276639654518
Prem Nagar,131,19.424872961718776,11:39,11,30.315687029211606,78.02970609674928
Rajpur Road,165,12.821189324895457,9:28,9,30.326999858309176,78.04061240263401
ISBT,172,10.633108972080718,13:23,13,30.34505477236309,78.0335641337011
ISBT,120,27.929421915421628,13:44,13,30.347627343390197,78.03507495140823
Prem Nagar,122,32.98765040527631,21:44,21,30.317335664936948,78.03004636625028
Prem Nagar,100,23.44313637456174,6:58,6,30.316933373724417,78.02820510362982
Prem Nagar,175,9.616549153874349,21:46,21,30.316727817403457,78.02959210967943
Rajpur Road,170,16.24337419163413,8:12,8,30.326620112787182,78.04235085903488
Rajpur Road,169,15.461987068506659,15:34,15,30.325769063496296,78.03917787276133
ISBT,107,14.568914452507284,10:09,10,30.34499990517296,78.03163891789218
Prem Nagar,126,22.907729740767703,7:34,7,30.31516630438544,78.02883802701379
Clock Tower,178,18.464785561828243,10:29,10,30.316170925971537,78.03090082469082
Prem Nagar,93,27.2655982298007,17:13,17,30.316379815108224,78.02865559149978
Prem Nagar,154,18.003516116002906,11:43,11,30.31642016577894,78.02919433340533
Clock Tower,183,7.744868042540284,6:26,6,30.315868706361346,78.0320831765541
Rajpur Road,170,24.449467283131447,13:14,13,30.325418997255273,78.04101560099474
Prem Nagar,143,15.128552884153752,15:36,15,30.314624944971737,78.02826513678718
Prem Nagar,101,37.94661668309013,14:06,14,30.314976372015515,78.02761183878671
ISBT,141,22.561577567883123,11:48,11,30.3469210014749,78.03639581882014
Clock Tower,172,21.351452654580804,10:01,10,30.31489455181055,78.03276187112425
ISBT,79,29.151346476450314,18:38,18,30.34622387176499,78.0342847218093
ISBT,140,17.925180077172786,8:50,8,30.34683338916687,78.03237292511574
Rajpur Road,163,22.729304993808185,9:45,9,30.323040240357916,78.04125615998011
Prem Nagar,109,30.757077504649768,14:39,14,30.314764646360928,78.02901399250162
ISBT,123,25.97434521769441,8:07,8,30.34614067875931,78.03510565298728
Prem Nagar,128,20.641044749524077,14:58,14,30.31628342410369,78.0327317290814
ISBT,134,20.638351627888483,13:23,13,30.345547442270018,78.03214737775924
Prem Nagar,155,21.68371811506231,20:14,20,30.316935084978034,78.03054210634537
Prem Nagar,180,5.0,7:06,7,30.31655840248426,78.03004822825513
Prem Nagar,91,33.917995327967304,9:29,9,30.316098269601472,78.0284156218441
ISBT,118,26.194922894982682,19:12,19,30.346108141247687,78.03254903831994
ISBT,150,18.665426439928396,6:03,6,30.344273186461145,78.03289369766946
Clock Tower,188,12.02517524580476,17:28,17,30.315897476395083,78.03277042915924
Clock Tower,149,25.899392805645228,16:01,16,30.316702153171526,78.03368111704273
Rajpur Road,182,10.765195122233782,17:27,17,30.32400647618348,78.04259981431647
ISBT,133,21.346456704487913,14:50,14,30.346354980609476,78.03219214292417
Rajpur Road,218,5.0,6:04,6,30.32613683116263,78.03984328714323
Prem Nagar,92,33.221796408608014,21:33,21,30.316984476108406,78.02887096527232
ISBT,176,12.909569495083325,20:37,20,30.344592240867453,78.03380458210212
Rajpur Road,181,17.137303908196557,18:14,18,30.326834419132837,78.03971990138382
ISBT,103,22.259845834496176,19:35,19,30.34673110867,78.033615413295
Clock Tower,163,16.947333588479196,13:13,13,30.313892796544785,78.03311690601258
ISBT,180,24.284261103655098,17:54,17,30.34634904306698,78.0342617012657
Clock Tower,190,8.771143246817157,18:35,18,30.317291256703427,78.0316362279393
Prem Nagar,142,17.170420020203608,14:03,14,30.314459754150544,78.0295339636416
Rajpur Road,156,17.95589138404995,6:47,6,30.326740369110368,78.04335273604711
ISBT,160,24.965799845448906,10:04,10,30.34374878668987,78.03260496990711
Prem Nagar,127,27.809652674807758,6:33,6,30.31691703645139,78.03029621052154
Prem Nagar,117,30.977539902557545,20:40,20,30.31587850481994,78.02918925817252
Rajpur Road,208,14.974572267920236,9:56,9,30.32543506178245,78.04244344945666
Clock Tower,169,13.68700269696884,17:44,17,30.31818187888502,78.03343086485752
Rajpur Road,204,12.255718273247716,6:07,6,30.326109081111657,78.04147200700113
Rajpur Road,184,14.23024758939757,8:41,8,30.32668822923415,78.04104140215722
Clock Tower,163,28.79124351590624,21:44,21,30.31480205686714,78.0289882245788
Prem Nagar,110,24.239217972047083,10:52,10,30.316598927703524,78.02715093820063
Clock Tower,162,21.86856522841414,6:23,6,30.315909178785432,78.03048851472208
Clock Tower,179,19.580731563200068,16:45,16,30.316624252966367,78.0295053369349
Rajpur Road,148,14.782418975445854,8:11,8,30.32650972743822,78.0411953412819
Prem Nagar,72,40.07519157038058,18:25,18,30.316820551981216,78.02951047002787
Rajpur Road,184,7.174982394504865,6:35,6,30.326572844386423,78.04194220816527
ISBT,177,15.169598140503851,17:57,17,30.345932074939796,78.03221765998447
Rajpur Road,196,16.58548192731979,7:50,7,30.326214308909236,78.04109803011926
Rajpur Road,150,18.413272036356958,11:26,11,30.325666690671998,78.04435619993775
Clock Tower,179,13.159415713637305,8:42,8,30.315127528551216,78.03223027164694
Clock Tower,174,7.774889208595514,13:56,13,30.316276653182697,78.03117757642312
ISBT,205,5.272632539689424,12:08,12,30.34626517420445,78.03421472181735
Clock Tower,163,10.756973902022182,8:27,8,30.31681483485639,78.03336143281318
Prem Nagar,143,12.657340133809095,15:58,15,30.316338829510237,78.02987296992778
Clock Tower,221,21.235775750992026,17:36,17,30.31640607520344,78.03168526858236
Rajpur Road,161,16.99327894174103,17:34,17,30.324442714894467,78.04078381203729
Rajpur Road,134,24.241776479796396,21:04,21,30.327128368398583,78.04070207854029
Prem Nagar,119,27.600805794098033,9:48,9,30.315018781353746,78.02818904288901
Clock Tower,126,17.54513368779456,11:58,11,30.316533541746296,78.03260182449417
Clock Tower,177,15.744912125305392,12:05,12,30.31433546229387,78.03167401525906
Prem Nagar,126,20.910405936663096,19:51,19,30.316517187909852,78.02908742538752
Clock Tower,144,21.914715473818532,6:12,6,30.314614948617518,78.0307478790373
ISBT,137,27.699622897984874,7:31,7,30.345080509495588,78.03238819385426
Clock Tower,181,16.2697593599686,8:00,8,30.314986254199614,78.03106195292838
Prem Nagar,138,19.129599950928398,8:17,8,30.316889279966148,78.02847050669153
Prem Nagar,171,14.36446653734875,13:27,13,30.31777841715185,78.028138788273
Clock Tower,187,14.938465858827168,18:46,18,30.319673212016422,78.03029643560592
Prem Nagar,109,38.039494714640675,15:11,15,30.315685764797564,78.02899080675284
ISBT,149,22.152614487825005,21:05,21,30.345550458644574,78.03179289006937
Rajpur Road,240,6.784168655780484,12:14,12,30.325499678633694,78.03899061420675
Rajpur Road,191,12.916194570645796,19:26,19,30.32303719094323,78.0450652982404
ISBT,188,14.309195304204918,8:47,8,30.348232425241385,78.0317977468224
Rajpur Road,155,24.017832800916427,18:46,18,30.32699896722305,78.04105465402438
ISBT,217,8.900353031737192,10:15,10,30.346567235211428,78.03216517715232
Prem Nagar,148,22.965427100486465,12:29,12,30.315747939330492,78.02993487216685
Rajpur Road,141,22.746439471177776,18:39,18,30.32545152599648,78.04087223403516
Prem Nagar,137,24.848279533129254,7:39,7,30.31733652342709,78.03031894459193
Rajpur Road,110,19.837207985039534,11:10,11,30.324615710404665,78.04127116657031
Rajpur Road,211,11.160302595468835,18:18,18,30.32813133351357,78.04224152038213
Rajpur Road,155,10.91083047220839,7:01,7,30.326068735813276,78.04225151952859
ISBT,126,20.100484494455678,13:22,13,30.34377092816276,78.03228473026572
ISBT,151,18.090561319143575,12:00,12,30.345136871914296,78.03236271946002
Clock Tower,130,30.015563232154022,14:24,14,30.31659467531592,78.03212776646772
ISBT,145,26.449177682252166,9:07,9,30.346417669235745,78.0321807357018
ISBT,174,10.332269001477659,9:52,9,30.34595159129833,78.03261003657724
Prem Nagar,99,37.98549270312104,20:13,20,30.3171285253318,78.02681418343319
ISBT,131,23.876894906860528,21:21,21,30.346102286424486,78.03206300943802
ISBT,87,30.45474036576075,17:56,17,30.345927654074472,78.03428193309747
Prem Nagar,79,30.103710701392515,16:33,16,30.315710260213113,78.02853552876546
Prem Nagar,116,30.006251966641948,11:47,11,30.31753021578414,78.02908167722546
Prem Nagar,167,9.959518687831261,13:54,13,30.316421342871863,78.03127803016767
ISBT,144,22.197439711387066,13:43,13,30.345202650277876,78.03246969669678
Rajpur Road,141,20.21963571986475,8:18,8,30.325706389109154,78.0415367788489
Prem Nagar,117,32.158592837620944,21:17,21,30.313589742866554,78.02886379400003
Prem Nagar,157,16.99954009527805,20:01,20,30.314814522891517,78.0272002028379
Prem Nagar,145,27.53437047937637,9:44,9,30.317620540695447,78.02850956454597
Rajpur Road,171,11.289742228212445,7:02,7,30.323735489480782,78.04228146758963
Prem Nagar,95,31.771585633181402,16:34,16,30.316087906680497,78.03125763405755
Clock Tower,134,17.530922024565584,11:16,11,30.314407382260043,78.03224282208727
Prem Nagar,112,29.818069613410895,18:42,18,30.315469094469165,78.0303344033416
Clock Tower,144,26.771608473344358,17:15,17,30.316526959071375,78.03275654293822
Rajpur Road,166,22.289211804441358,15:58,15,30.325069638163296,78.04089671121663
Rajpur Road,189,8.48885239904183,15:06,15,30.325314765850372,78.04153068171703
Prem Nagar,176,18.73156354940223,18:06,18,30.317646849547348,78.03120280107186
Prem Nagar,113,34.84931719301041,11:58,11,30.316708009997246,78.02919274383748
Prem Nagar,124,28.378647680786543,18:14,18,30.316857473899777,78.02957953705565
Prem Nagar,136,23.05813188355604,17:21,17,30.315665947607823,78.02885059662769
Clock Tower,204,10.458938534469699,14:09,14,30.317294977272198,78.03106052766239
Rajpur Road,174,20.900745192606337,20:30,20,30.32426625045168,78.04159580573412
Prem Nagar,115,29.082307223780703,11:56,11,30.317847436744483,78.02952105253097
Rajpur Road,173,16.39242659669266,9:51,9,30.325798790732282,78.04084029990375
Clock Tower,181,16.722863139747837,20:31,20,30.315193103860626,78.03191301423081
Clock Tower,188,20.24169638015062,19:12,19,30.317285584995492,78.03232158333108
Rajpur Road,147,23.5427663488536,11:40,11,30.323891251417063,78.04098001720493
Prem Nagar,136,22.23688085368607,19:56,19,30.31646467832291,78.03163399963499
Prem Nagar,98,31.185272907047203,11:17,11,30.315991468306265,78.02695916445987
ISBT,124,33.11612764846253,21:01,21,30.344713082107294,78.03478035060402
ISBT,204,8.24548104136351,20:29,20,30.344930215709148,78.03378544674185
Clock Tower,189,17.473331560215932,10:09,10,30.318283041930624,78.03183531303902
Prem Nagar,138,16.053023966921977,13:41,13,30.31724218605655,78.02865102697277
Prem Nagar,101,33.603848209796766,16:56,16,30.31657238629744,78.02731207477227
Clock Tower,169,12.962290971824206,13:54,13,30.319019666147,78.03180356915911
Rajpur Road,72,45.60183755754041,8:19,8,30.325591359945054,78.04203803623254
Prem Nagar,123,28.33865826239971,19:16,19,30.316797014299894,78.0290804865258
ISBT,125,28.730440597698422,6:16,6,30.34349160515652,78.03513220583525
ISBT,153,22.32206490236242,16:55,16,30.345211556424488,78.03402358214834
Rajpur Road,154,20.06670711856777,12:46,12,30.32341067093599,78.04038602491264
Rajpur Road,149,5.0,9:44,9,30.327293261081273,78.04081350799088
Clock Tower,167,17.031776577501855,19:56,19,30.31546798396611,78.03086398250896
Rajpur Road,173,17.421473774808486,18:35,18,30.32247494337205,78.04153873777616
ISBT,151,26.351923510849858,6:22,6,30.34491645041049,78.03465605767988
Clock Tower,200,5.0,10:56,10,30.315812553492556,78.03010006765062
ISBT,149,19.09938159855015,21:50,21,30.345001466087453,78.03249435370584
ISBT,169,18.51295646426976,12:57,12,30.34651524793955,78.03182144715781
ISBT,139,18.079705792304942,20:53,20,30.344675272349935,78.03209176952987
Prem Nagar,102,30.74288263758949,20:41,20,30.318251678250046,78.02683587693886
ISBT,140,33.50197821342586,6:03,6,30.343601942012633,78.03335971248215
Prem Nagar,108,29.65100103125847,6:24,6,30.317762337141268,78.02770232724721
Rajpur Road,176,19.238277129369177,21:38,21,30.326328067670964,78.04108016405755
Rajpur Road,153,19.060611139635114,14:28,14,30.32527067196747,78.04156445789936
Clock Tower,211,12.487800611023822,20:44,20,30.31494106002684,78.03063334582959
Rajpur Road,198,5.0,21:03,21,30.323343468333853,78.04189180640385
ISBT,182,15.415596708356787,12:03,12,30.34600726583714,78.03281211444256
Prem Nagar,135,23.2488684359048,8:52,8,30.317568459796224,78.02959024601932
Clock Tower,192,10.085222310078414,14:19,14,30.31628308741225,78.0297619832887
Rajpur Road,171,19.84928920818513,10:07,10,30.32425943040775,78.04008548613704
Rajpur Road,119,29.610297542884002,13:32,13,30.326111343431688,78.04108017038514
Clock Tower,169,9.799373465334055,11:32,11,30.316434464791133,78.03181212129951
Clock Tower,163,8.863210212035264,8:21,8,30.31574488392757,78.0339404732519
Clock Tower,201,14.07576682741011,12:13,12,30.31669769254496,78.03205137797995
Rajpur Road,151,17.159815010735223,7:09,7,30.327424407084774,78.04070626286509
Clock Tower,225,5.0,15:19,15,30.314906022058242,78.03219296846248
Clock Tower,185,9.49331404198643,7:24,7,30.316615512931687,78.03036733250704
Rajpur Road,166,17.146721685181248,16:54,16,30.32449376822425,78.0400952511535
Rajpur Road,147,29.953316880962344,8:46,8,30.325460044081122,78.04043229472444
ISBT,102,34.230311889059834,9:58,9,30.34712789367669,78.03441641088865
Prem Nagar,81,36.33540629379774,8:47,8,30.316339333288123,78.02769162463186
Clock Tower,211,13.647949962138865,17:00,17,30.316968835105115,78.03050823344603
Clock Tower,201,10.13490903909366,15:35,15,30.317245462256327,78.03190454450704
Clock Tower,154,18.4953604286119,16:20,16,30.31603754000697,78.03260454297269
Rajpur Road,161,24.533329114183935,16:25,16,30.326020410135076,78.04165742731305
Rajpur Road,121,29.248539026225973,9:44,9,30.327699500685046,78.04295774489444
Prem Nagar,117,25.38925387088035,19:04,19,30.31777137663621,78.02951495981942
Rajpur Road,208,13.385468777472667,7:29,7,30.32764601697665,78.04093903602535
Prem Nagar,115,14.963278965080288,20:12,20,30.317421815477356,78.02850019400219
Prem Nagar,146,25.23645418633371,19:07,19,30.317078698743217,78.0274148050932
Rajpur Road,177,11.670921703711327,12:48,12,30.325127668675183,78.04306375871154
Prem Nagar,153,22.60593331205535,10:01,10,30.317472414018646,78.02857643004964
Clock Tower,179,20.56029491169942,7:42,7,30.31689617113895,78.03317324146465
Clock Tower,224,5.202106296185595,15:56,15,30.316024277004683,78.03377595417541
Clock Tower,179,10.751361129679132,9:27,9,30.316530466104652,78.02979639221256
Rajpur Road,159,17.4313121383639,11:37,11,30.32677470880824,78.04009218404876
Clock Tower,184,14.02455071713279,9:18,9,30.317151245277575,78.03085336825225
Rajpur Road,111,29.56715433243206,18:57,18,30.325475051014934,78.04223570659555
Prem Nagar,138,19.574131841970104,10:35,10,30.316632818886788,78.0290508397866
ISBT,143,17.14296782869843,8:44,8,30.345803071607552,78.0305368395527
Rajpur Road,168,17.489159397561075,17:22,17,30.325969913008677,78.03871207916404
Prem Nagar,86,34.595100762779694,10:22,10,30.316032718148364,78.03080908588588
Clock Tower,97,28.51648699882833,12:39,12,30.315579578967718,78.03387321825352
Clock Tower,142,21.874670554999245,6:29,6,30.317670980063216,78.03320214533274
Clock Tower,213,16.569613260968914,7:08,7,30.318386690599826,78.03140349978334
ISBT,145,18.03536733475989,8:53,8,30.34399885127898,78.03391983115979
Rajpur Road,158,19.51217068484964,6:32,6,30.326138427722007,78.04316725932738
Rajpur Road,137,25.840441823302047,7:50,7,30.32458370520602,78.04336381545333
Clock Tower,149,20.628435807016796,6:52,6,30.316893385407415,78.03320912416744
Prem Nagar,120,27.989027258752355,18:04,18,30.316377763926763,78.02976929256572
ISBT,69,37.49786780740111,6:16,6,30.345541495593377,78.03341210575195
Rajpur Road,220,10.792382638023774,21:25,21,30.325545159722687,78.0403820096615
Prem Nagar,151,23.903796519906532,18:56,18,30.31691977481106,78.029592430992
ISBT,182,10.47161356251894,19:28,19,30.34563625521638,78.0346682826589
Rajpur Road,150,19.947575115719978,19:29,19,30.325165888134016,78.04275838588963
Clock Tower,194,11.421339866745573,17:51,17,30.316169157368495,78.03322883537258
Clock Tower,188,12.439984498086329,9:28,9,30.316456084964926,78.03252717254875
Rajpur Road,164,15.783662455802666,13:58,13,30.325519591429668,78.04061435093426
Rajpur Road,186,19.17437520639361,16:31,16,30.324874306402556,78.03865332073148
Rajpur Road,148,25.65989977104666,20:33,20,30.326932141128,78.04081447502587
Clock Tower,216,20.550535997903772,19:38,19,30.31450742079877,78.03428356722247
Prem Nagar,152,27.23093158680831,18:58,18,30.315126886282332,78.02896874842534
Rajpur Road,127,22.84087913831389,21:22,21,30.324122237501687,78.04286898102745
Rajpur Road,165,21.706552903837416,11:41,11,30.327639948849495,78.04258585178269
Prem Nagar,94,27.939555557034694,16:56,16,30.31867116761968,78.02863834492553
Prem Nagar,131,27.078019564367132,16:14,16,30.317740710171705,78.02924241380852
Prem Nagar,154,17.095305571538574,7:31,7,30.316766719358938,78.02832479576627
Clock Tower,182,13.335859977126157,19:00,19,30.317611926609654,78.03078173899104
ISBT,119,29.705931630351866,9:06,9,30.344719118923713,78.03246851860538
ISBT,172,19.681695779691722,6:27,6,30.345512191563,78.03476997899706
Prem Nagar,122,24.282758919588755,11:24,11,30.316919580056762,78.02702223667436
Prem Nagar,106,36.96427093636646,18:37,18,30.3165815890891,78.02718253269283
ISBT,128,25.026826578825844,21:26,21,30.34513702116397,78.03397355389558
Prem Nagar,119,25.24735816168161,20:14,20,30.317222959314844,78.03015022257249
Prem Nagar,118,25.727516077991336,8:53,8,30.31527998024571,78.02860710343158
Rajpur Road,161,12.25501653394538,15:34,15,30.324361918504245,78.04263603260713
Rajpur Road,209,16.973877724232928,18:28,18,30.32676011255513,78.04169668807116
Rajpur Road,167,11.240125418629106,21:18,21,30.32666109076693,78.04270376114312
Rajpur Road,178,18.82615741494495,14:13,14,30.32604117915159,78.03877996819082
Rajpur Road,144,21.96720487977136,16:24,16,30.326725866397187,78.04087407505828
Clock Tower,202,12.596159735564832,6:14,6,30.31661418782722,78.03120174463845
Prem Nagar,148,22.768465683661134,19:49,19,30.31602275506331,78.03108393862065
Prem Nagar,177,12.284161934636044,11:02,11,30.316285020290806,78.02737838295113
Prem Nagar,127,18.844929581902466,11:01,11,30.313464527906767,78.02854407104911
Prem Nagar,125,20.819110592563515,9:07,9,30.316705754209472,78.02853954191137
Clock Tower,207,9.906333420659498,21:45,21,30.315531077518237,78.03192119376077
ISBT,186,10.282822204193998,21:08,21,30.34575006725346,78.03627503319119
Rajpur Road,185,21.038204605581086,14:07,14,30.32487615052466,78.0405361691322
Rajpur Road,153,15.667108267298804,7:06,7,30.324980284427337,78.0410642400999
Prem Nagar,116,22.94491290817375,9:02,9,30.316384767113618,78.02737324631845
Clock Tower,161,23.059475286328016,13:28,13,30.314457344080704,78.0315446211764
ISBT,175,22.502856844813344,19:04,19,30.34400202895375,78.03164012686484
Prem Nagar,130,18.979727015789948,21:22,21,30.31672060141959,78.03213164039677
Clock Tower,226,5.0,10:55,10,30.316875659651895,78.03205480806777
ISBT,204,13.270758810591335,13:16,13,30.347786621622223,78.03281450868066
Rajpur Road,160,16.239721961440317,18:15,18,30.325808753379626,78.04005311172034
Clock Tower,167,21.779126192087844,8:47,8,30.312510293136107,78.0303372918436
ISBT,163,5.0,13:12,13,30.34614817742528,78.03234945790369
Clock Tower,246,5.0,9:38,9,30.31878496390749,78.03405115069843
Prem Nagar,126,19.31348736183578,17:52,17,30.318272321311344,78.02749866453847
ISBT,175,14.018362219873138,21:37,21,30.345663305176597,78.03460763904059
Prem Nagar,99,34.20374010661649,15:02,15,30.314047408446093,78.03001874810207
Prem Nagar,132,25.941577924695693,19:51,19,30.316639407700894,78.0278861218559
Clock Tower,224,7.839513244714489,18:41,18,30.319475267302455,78.03482061623411
ISBT,126,20.418076332773484,6:14,6,30.345523239523295,78.03256080683299
Clock Tower,151,16.46110221765557,15:46,15,30.316462729280556,78.03100837989962
Rajpur Road,201,12.836227268417026,20:16,20,30.326490583365253,78.04249857997374
ISBT,132,18.049982140570368,13:18,13,30.347105994774136,78.03276159685637
Prem Nagar,107,30.17224458675981,21:51,21,30.316047214187858,78.03133096851029
ISBT,141,23.236644522015048,8:10,8,30.343199064472604,78.0352696359797
ISBT,195,10.03850482985459,14:56,14,30.344922841463696,78.0318517650549
Prem Nagar,156,16.36420988677147,19:50,19,30.315522486248195,78.02824448915425
Rajpur Road,168,9.263332052422673,10:20,10,30.3278948912919,78.04233698505617
Prem Nagar,122,32.079358909315076,14:48,14,30.3162893232654,78.0297023857657
Rajpur Road,123,20.384100845385998,13:18,13,30.32359181824039,78.04051197825187
Rajpur Road,124,30.934395996259497,7:37,7,30.326434024834107,78.03954533031238
Rajpur Road,180,12.773497293337348,9:57,9,30.325793174736617,78.04434021939842
Clock Tower,161,16.652256723198263,16:27,16,30.317551256151038,78.0338672048109
Clock Tower,177,18.106461633761164,11:43,11,30.316894512360413,78.03213336349889
Rajpur Road,158,20.824393407660658,7:02,7,30.32428551891639,78.04165807021589
ISBT,126,22.00168655108017,13:04,13,30.34601715738637,78.0340702393672
Rajpur Road,187,11.41722356390527,9:11,9,30.324461300175013,78.04339683583751
Rajpur Road,155,14.264766710797355,7:29,7,30.32434799818834,78.04002444001277
Rajpur Road,166,25.363338564192844,11:14,11,30.324596671604947,78.03903825636918
ISBT,113,26.208309138432146,14:57,14,30.34663641137394,78.03125024241187
Clock Tower,152,20.542338645331384,8:21,8,30.31600673064976,78.03194286093338
Prem Nagar,70,31.199768523602682,6:07,6,30.317378990523338,78.02924646839539
Rajpur Road,138,21.158209867939377,11:28,11,30.32657700338,78.0404413798169
Clock Tower,192,22.00382952019595,17:38,17,30.316678692091017,78.03128467089248
ISBT,102,31.49173597803632,17:57,17,30.34651316762618,78.0341486016328
ISBT,137,32.03843828670095,13:36,13,30.34341063093055,78.03216753798706
Rajpur Road,179,15.729360275480143,20:16,20,30.32430820327791,78.04156554334608
ISBT,184,10.606960104848529,6:53,6,30.34310282815858,78.03280568067429
ISBT,170,14.804168099654811,8:45,8,30.34603934643578,78.03285114710798
ISBT,137,28.369503671278736,6:30,6,30.347140314099686,78.03264420636549
Clock Tower,235,5.0,20:04,20,30.315860034319886,78.03237083776537
ISBT,154,19.4665371029938,6:56,6,30.344323213638823,78.0328250938502
ISBT,152,11.549642762928118,20:42,20,30.345172044505112,78.03385963930197
Rajpur Road,181,5.0,21:57,21,30.324896162476524,78.04156905968516
Prem Nagar,147,19.893534683969527,7:00,7,30.31636041235287,78.02854921642079
Rajpur Road,194,17.632986846988125,21:14,21,30.3243168557735,78.0391556651224
Rajpur Road,146,18.109204993966358,21:44,21,30.32615942841082,78.03919454947537
ISBT,202,9.692008153917191,14:38,14,30.343882635628983,78.0335859118536
Clock Tower,145,16.08033558444971,19:09,19,30.31379264123101,78.03130416786195
ISBT,198,7.8869019308412,16:44,16,30.348087826088005,78.03362113100587
Rajpur Road,153,25.22307495155178,9:28,9,30.32578225313154,78.04280577433217
Rajpur Road,169,8.136691209798865,14:36,14,30.32218781764954,78.04132459161552
ISBT,147,22.69804986012059,14:18,14,30.343518424929535,78.03411165475457
Clock Tower,147,19.733603541130517,11:47,11,30.316825011092824,78.03246230191566
Rajpur Road,198,15.838699216168736,6:58,6,30.32568812142309,78.04089634560428
Clock Tower,205,8.968267894635824,14:27,14,30.316264173456688,78.03323900844771
ISBT,161,19.057368044702557,14:45,14,30.34533896830343,78.03174862767749
ISBT,132,22.475133503558425,16:10,16,30.34699992789216,78.03252031190844
Clock Tower,162,17.068892530789945,16:15,16,30.316051605506086,78.03149127430729
Clock Tower,204,5.0,17:12,17,30.315670350603103,78.03335416145806
Prem Nagar,148,15.294187712198497,20:07,20,30.316549590758726,78.02943160255653
Rajpur Road,125,23.45546234197116,20:16,20,30.325647508635736,78.03997369229462
Prem Nagar,124,22.680402643128684,10:29,10,30.316054850376517,78.02864028636606
Rajpur Road,159,14.912575310168279,10:28,10,30.326412831426026,78.0403699589727
Rajpur Road,116,28.155189003810627,10:36,10,30.327924945876326,78.04111275227997
Rajpur Road,134,29.571940436658593,7:21,7,30.32571991020666,78.04233890327961
Prem Nagar,117,24.520165360263206,12:33,12,30.31603209155213,78.0290896641879
Clock Tower,157,16.766342259804905,8:18,8,30.314947416717835,78.030619054638
ISBT,165,21.864982726665,9:49,9,30.34661356667609,78.03182491929202
ISBT,124,25.55124289107397,9:28,9,30.34585426470807,78.03275146207376
Prem Nagar,107,32.16161079790081,10:31,10,30.31757154464413,78.03109554424205
ISBT,196,16.32952492958636,21:15,21,30.343678359167217,78.03072236301205
Prem Nagar,164,18.677136432824426,15:46,15,30.317613654085207,78.02955139402152
ISBT,107,28.421051570308517,20:27,20,30.345464791799834,78.0312048484133
Clock Tower,207,10.856126596592542,17:02,17,30.315572808665678,78.03309623017424
ISBT,184,6.855970462122391,11:41,11,30.3465204069057,78.03313346316546
Rajpur Road,151,9.225668524915047,7:11,7,30.326887464091595,78.04169052423133
Prem Nagar,118,32.54419647536277,7:00,7,30.317934264805828,78.02947384271428
Rajpur Road,190,5.725386659988538,19:01,19,30.3240634533148,78.04152737578548
Clock Tower,201,5.0,10:17,10,30.31696251908609,78.03363799106015
Prem Nagar,87,31.202158478667286,9:44,9,30.317254058443247,78.02861259115747
Prem Nagar,146,18.313680166819108,9:17,9,30.31755734776714,78.02974225093756
ISBT,185,20.181677028529894,19:38,19,30.344642717996006,78.03234533508362
Rajpur Road,157,5.0,10:44,10,30.325703710502545,78.04104299055544
Rajpur Road,148,21.78361486294158,6:52,6,30.32744217846401,78.04051165378833
Rajpur Road,199,11.332959957464055,20:21,20,30.326300745993855,78.0390146573117
ISBT,140,20.941665090344117,9:43,9,30.34382620813307,78.03500410379411
Rajpur Road,157,23.48659258032165,20:57,20,30.32552138258913,78.0416934333689
Clock Tower,216,12.509266224054855,18:47,18,30.315518741429127,78.03014087670518
Rajpur Road,136,24.528067081926842,9:44,9,30.32721777741833,78.04038206571096
Prem Nagar,172,15.598431636941127,18:42,18,30.317138407438588,78.02933399327348
Clock Tower,177,5.0,18:21,18,30.317849635028157,78.03297639240711
Rajpur Road,236,5.0,17:08,17,30.325244744679615,78.04101181662524
Prem Nagar,119,28.40635767260844,12:13,12,30.317722026461077,78.02945841540823
Rajpur Road,159,15.253641741053467,21:05,21,30.326924652811982,78.04187020129581
ISBT,116,27.478160043879768,20:55,20,30.347728011920324,78.03450730630938
Rajpur Road,177,9.998807351118115,19:11,19,30.32497701121265,78.0438968088487
Rajpur Road,169,17.077474839804964,18:24,18,30.325656280678828,78.04213638262682
Clock Tower,151,27.94234277386161,6:06,6,30.315268356950803,78.03357600068726
ISBT,193,12.647922808945845,7:27,7,30.34452585249592,78.03145867233539
Rajpur Road,154,16.728228310716414,9:13,9,30.32549434663699,78.04170590298504
ISBT,159,18.04807255245007,11:41,11,30.34569862385311,78.0323335184084
Rajpur Road,144,22.088750531340157,12:24,12,30.324749174850844,78.04364391096505
ISBT,134,20.73964964525677,14:06,14,30.344920578146915,78.03369267393826
Prem Nagar,94,29.392057097122034,10:33,10,30.314343914384427,78.03068845536423
Prem Nagar,122,22.194724196926607,19:49,19,30.315491530156553,78.02971173017978
Clock Tower,239,5.0,21:13,21,30.315473319316293,78.03086647588671
Clock Tower,177,14.22167197837085,16:30,16,30.314607604221372,78.03113661066726
Prem Nagar,110,18.11999776139583,14:03,14,30.317086193606944,78.0317339337328
ISBT,182,15.767527499734214,7:25,7,30.34564496648876,78.03220247507124
Clock Tower,150,11.905973455711605,17:07,17,30.317214945361922,78.03087911397445
Prem Nagar,140,22.630889518309836,14:41,14,30.3170231704674,78.02586130469773
Clock Tower,133,29.16472275911432,11:20,11,30.31697843422035,78.0315129129204
Prem Nagar,114,21.850523354597485,9:38,9,30.31579210884256,78.02991313987371
Clock Tower,190,13.132295155567235,17:58,17,30.316287095474152,78.03047336460051
Rajpur Road,106,34.11970493780428,18:23,18,30.326111012390356,78.04180184690708
ISBT,146,21.40627341551966,21:27,21,30.34277898833699,78.03138772370549
Rajpur Road,202,12.3711235197302,21:58,21,30.326923513279294,78.04362238440393
ISBT,162,14.423541976569553,18:14,18,30.34308810269725,78.03408996769575
Rajpur Road,72,45.86486012250832,13:07,13,30.32544681438218,78.04062727083578
Rajpur Road,191,25.553615152686646,8:47,8,30.325460331204567,78.03962913256666
Clock Tower,243,5.0,6:09,6,30.31715635331456,78.03218261487754
Rajpur Road,181,13.404690081708617,14:16,14,30.3242124194652,78.04400752671818
Prem Nagar,98,23.977078671500152,16:05,16,30.3165627101886,78.02762727392032
Rajpur Road,194,7.557392229928239,14:39,14,30.326764236192023,78.03985407727853
Prem Nagar,92,37.27147396944106,19:44,19,30.31663246756693,78.02950890511339
Clock Tower,151,20.85728876933618,20:11,20,30.3149862972099,78.03270880922626
Rajpur Road,189,14.323780905661813,12:52,12,30.328012577961513,78.04011116585487
ISBT,134,16.337672260579495,8:42,8,30.3457542672508,78.03326143748225
Rajpur Road,175,12.391955440729888,17:27,17,30.32539563884139,78.04134747290992
Prem Nagar,130,25.41001312508428,6:36,6,30.317941217713408,78.0292395354214
ISBT,209,5.940155051927555,19:22,19,30.346067344841217,78.03414115972366
Prem Nagar,102,23.73060017795514,21:22,21,30.315341202235775,78.03085499963787
Rajpur Road,154,21.799317198999063,20:32,20,30.32648262910495,78.04329018205037
Clock Tower,138,24.093491844195924,8:46,8,30.319583888442573,78.03047014599777
Prem Nagar,121,25.264235594822317,16:08,16,30.316279815308402,78.02689623981628
Clock Tower,200,17.332704296393015,18:48,18,30.318151795740025,78.03247575856801
Rajpur Road,164,15.35323444976719,7:24,7,30.326307219252854,78.04098636466121
ISBT,179,9.65896908855715,18:10,18,30.34569791617207,78.03292653442213
ISBT,123,23.75758514294733,8:00,8,30.3448941254793,78.03333553763892
Prem Nagar,126,19.905953946004693,21:33,21,30.316447599576314,78.02675321270463
Clock Tower,189,13.170259718029373,6:41,6,30.316143021358954,78.03367438048629
Rajpur Road,144,27.56837123952347,14:44,14,30.325139846745092,78.040815958792
ISBT,138,24.396993746392578,20:41,20,30.34487340112681,78.03337129800325
ISBT,128,16.584552509197927,14:30,14,30.343913024298523,78.03331294912134
Rajpur Road,126,19.648467633528305,6:15,6,30.32679810738775,78.04092901542639
Rajpur Road,197,16.33220435200364,18:03,18,30.328364366502527,78.03952466693224
ISBT,160,13.392473019880885,20:45,20,30.34469963662611,78.03400933928287
Prem Nagar,105,27.17100163603249,18:35,18,30.31616803695701,78.02944106965025
Prem Nagar,180,14.680864415324134,17:22,17,30.3143241200568,78.02762966729136
Rajpur Road,154,21.179098905479613,8:04,8,30.32564083289329,78.04143364712222
Rajpur Road,147,19.827305028850656,18:01,18,30.325393938920087,78.04109363407245
Clock Tower,180,6.695375306741713,15:34,15,30.317137315922743,78.03404699800907
ISBT,112,35.9215619386227,17:18,17,30.3449236657945,78.03198012694519
ISBT,142,25.320928551575175,14:43,14,30.3464157293651,78.03243885698276
Rajpur Road,197,17.49450849923235,19:18,19,30.32493983474623,78.0417906188228
Clock Tower,171,13.529832098402778,17:15,17,30.316472370174665,78.03122558631966
Prem Nagar,98,34.8132403850656,11:23,11,30.320004903079063,78.02780456281867
ISBT,150,9.567611708144577,13:10,13,30.345879236178725,78.03363696835525
ISBT,149,19.549386851550565,21:20,21,30.344737953948822,78.03192805990521
ISBT,174,13.068657216617877,14:44,14,30.34714365742265,78.0341305084797
Clock Tower,217,14.03331832126587,8:53,8,30.31558779233386,78.03231350016841
Clock Tower,215,6.58141020075394,17:22,17,30.316587836389203,78.03191970841344
Clock Tower,143,29.872558808492485,10:40,10,30.31714697294154,78.03327404392532
Rajpur Road,171,17.689146106110787,9:46,9,30.324567768765494,78.04405372230987
ISBT,163,18.49654817790087,20:16,20,30.34478166392567,78.03032300135463
Prem Nagar,147,19.486396496116967,20:14,20,30.315813904749653,78.02929912901239
ISBT,172,10.409557480918568,19:46,19,30.346791545357704,78.0327477076107
Clock Tower,149,18.685193115628493,19:51,19,30.317695829560677,78.03122440245141
Clock Tower,168,14.57450888629668,12:28,12,30.316726615628557,78.03009097716142
Rajpur Road,154,18.668314987343425,19:24,19,30.329491711563517,78.04406949950075
Prem Nagar,157,16.855089744658326,10:15,10,30.31377125974892,78.0314619555276
ISBT,100,28.572481515144425,7:03,7,30.34450551567637,78.03539271380595
Clock Tower,205,6.659679987546274,10:19,10,30.31796365289987,78.0330553112472
Prem Nagar,108,21.659764440299163,14:01,14,30.315950581936583,78.02870876532141
Clock Tower,204,6.3926782156565825,18:37,18,30.31733462801876,78.03556107873189
Rajpur Road,156,22.502035611886186,13:03,13,30.32577930336821,78.04095392935965
Prem Nagar,145,26.007343127670694,15:40,15,30.316399221757433,78.02883914893616
Rajpur Road,139,12.355384287919584,12:41,12,30.327103411161314,78.04076213046045
Clock Tower,189,12.144539980256992,13:05,13,30.316832830154357,78.03207326522498
ISBT,180,12.569382049785263,18:20,18,30.34610390404171,78.033495219157
ISBT,134,28.349412695651655,13:26,13,30.343994616231825,78.03257943550345
ISBT,141,15.358971965087404,14:54,14,30.34583871759648,78.03186031426405
Prem Nagar,57,38.169651536045535,7:00,7,30.314302626145995,78.02742586740247
Rajpur Road,187,14.89695208163927,13:21,13,30.327122345229526,78.04012907059114
Rajpur Road,174,12.860889085838672,18:05,18,30.32453053966235,78.04168355921111
Clock Tower,160,20.09830122406033,16:53,16,30.31638919036441,78.03055105336063
Prem Nagar,120,32.29441686644765,6:56,6,30.316113584187352,78.02861080816737
Rajpur Road,130,18.920605865050106,19:44,19,30.32540279775294,78.0415545120237
Prem Nagar,169,19.968121426359925,7:16,7,30.316093704023114,78.03079592812952
Clock Tower,232,5.0,20:52,20,30.317073532652802,78.03332257449564
ISBT,134,22.726881036753554,15:12,15,30.345435228699863,78.03230930238371
Rajpur Road,161,27.215411265348664,15:32,15,30.32668186150789,78.04257217724626
Prem Nagar,99,36.0585895735808,20:02,20,30.316446128363854,78.02911900123671
Rajpur Road,209,9.252733817205742,15:31,15,30.32465940624409,78.04382117452734
Rajpur Road,117,33.200920985992084,12:25,12,30.32410072575633,78.03997042034956
ISBT,136,15.221448307993787,8:46,8,30.346316282112824,78.03544044453056
ISBT,172,28.123083401357846,19:26,19,30.34656583483535,78.03332877909759
Prem Nagar,104,31.668274238215755,9:49,9,30.316320071137106,78.02718021782256
Rajpur Road,138,21.66096748226441,15:32,15,30.324021798709087,78.04084388172379
Rajpur Road,141,14.88268744085817,18:23,18,30.325771371270932,78.04060669939022
Prem Nagar,136,20.624181686859004,21:56,21,30.316757769027454,78.0271827776223
Prem Nagar,129,32.468086342461426,12:28,12,30.316053770541266,78.02802584605398
Prem Nagar,81,35.946751177112354,19:48,19,30.315386922776565,78.03018313534908
Clock Tower,198,17.947288467038447,16:43,16,30.316957493119777,78.03193688725217
Clock Tower,192,10.047209546607093,15:51,15,30.316489718054388,78.02971315283142
ISBT,148,23.08145454758595,10:02,10,30.343487447699825,78.03213161858237
ISBT,131,15.050057255881674,13:02,13,30.345827034877658,78.03418960080128
Rajpur Road,110,33.24562708620013,9:15,9,30.326207924833003,78.04184102823979
Prem Nagar,116,23.95486318862403,21:15,21,30.316100811383325,78.03021243716883
ISBT,138,34.15801026687226,12:40,12,30.344463812639844,78.03608089396334
ISBT,180,9.775292807032518,18:19,18,30.344001679369693,78.03346224085088
Rajpur Road,207,5.0,17:29,17,30.325692412908992,78.0401391977637
Clock Tower,149,24.439660866766317,7:43,7,30.31657172140485,78.03323942750156
ISBT,108,22.49548274214597,6:47,6,30.342398783972097,78.03370840783849
Prem Nagar,119,29.813417206029804,13:01,13,30.317280551952887,78.02942078779
Prem Nagar,157,11.936113012601753,11:12,11,30.31657210319354,78.0293659744065
Prem Nagar,89,29.31007306788163,21:47,21,30.316934142914715,78.03020131549286
Rajpur Road,162,16.878560286816302,16:04,16,30.326624105741793,78.04085673592154
Rajpur Road,184,16.615954551826565,14:14,14,30.32654392493034,78.04064931473837
Rajpur Road,157,17.402490389891252,16:37,16,30.324903222036937,78.04056633770314
Prem Nagar,87,28.119424857817073,15:11,15,30.31666084906348,78.02918875929282
ISBT,138,18.875889145010085,8:00,8,30.343672651194023,78.0334319843897
Prem Nagar,125,29.44585861767198,8:01,8,30.31773968998152,78.03011421650037
Prem Nagar,137,17.351722505450297,20:56,20,30.31710748918717,78.03063676683927
Rajpur Road,139,20.11353946593999,9:09,9,30.32494657340957,78.03951813452211
Clock Tower,176,10.670079109867416,19:47,19,30.315873711899876,78.03270825294767
ISBT,142,25.908173314860733,14:00,14,30.34660415374199,78.03394068854521
ISBT,199,12.003239457178978,13:50,13,30.343206625816173,78.03281564263455
ISBT,132,19.438196428515447,12:23,12,30.344279468859018,78.03470802296708
Clock Tower,158,15.350496185640386,19:56,19,30.315587498160227,78.03194791675706
Prem Nagar,163,16.562878991582032,14:51,14,30.31669752941437,78.02884991544114
Prem Nagar,105,32.48083998579644,6:36,6,30.316405119189763,78.02820505106843
ISBT,188,5.94824457627829,19:23,19,30.346900795246192,78.03358843813041
Prem Nagar,126,23.16688255457216,16:01,16,30.31616841643785,78.02792075452552
ISBT,154,10.069772946340494,15:18,15,30.346548455072963,78.03649837392138
ISBT,125,29.783515931928292,6:11,6,30.344318615516137,78.0297931056086
Prem Nagar,125,18.6544997264846,15:29,15,30.31535983709654,78.02866157786445
ISBT,155,24.723798057261487,15:11,15,30.34477554047354,78.03172383410748
ISBT,157,15.899484532006078,15:25,15,30.347344052393407,78.0312405465938
Prem Nagar,143,24.554795385114566,20:36,20,30.316170986983963,78.02879088619261
Clock Tower,151,21.392605023994374,7:14,7,30.31739988028731,78.03243512140585
ISBT,101,25.9044101481866,20:47,20,30.34815948991435,78.03285694604456
Prem Nagar,136,16.179565850670567,10:22,10,30.316304128286124,78.03084378952597
Clock Tower,215,6.037418880787233,18:22,18,30.314554656627536,78.03170912906792
Rajpur Road,210,5.0,10:41,10,30.32636039322973,78.04046216039048
Clock Tower,220,13.488492580207314,8:04,8,30.313432418559035,78.0322697286155
ISBT,166,15.929246951253894,9:52,9,30.345900444400872,78.03370087415688
Clock Tower,154,11.085334986593809,11:50,11,30.31717307126722,78.03059593059453
ISBT,148,21.615617292564465,9:36,9,30.347321287470898,78.03426342942629
Rajpur Road,168,24.726545230300456,14:54,14,30.32678070721772,78.04177288605214
ISBT,117,37.18373410739825,20:27,20,30.344994214771617,78.03490188653949
ISBT,126,26.497177774054496,16:26,16,30.344641049142123,78.03149171522938
Prem Nagar,129,18.722403055772187,11:22,11,30.31764934993737,78.02914912402167
ISBT,103,32.08758691510057,6:23,6,30.34545257823925,78.03271976779878
Prem Nagar,124,24.988157947291633,8:42,8,30.316161837143177,78.02901819801762
ISBT,166,6.0220453012844555,18:14,18,30.345571989181668,78.03457911122003
Rajpur Road,171,15.325878843595635,11:48,11,30.323777307009895,78.03814312383581
ISBT,140,24.10076646993143,11:52,11,30.34455896525744,78.03298537385419
Prem Nagar,154,18.71006776639654,19:44,19,30.314265659838153,78.02903478539855
ISBT,144,17.844281966184393,7:04,7,30.345764100977092,78.03162381304196
Rajpur Road,214,5.485605692212182,17:50,17,30.32558885372612,78.04166837728722
Clock Tower,154,16.27546173291115,10:48,10,30.316834018361575,78.03148894396487
Clock Tower,177,18.22298498221232,8:35,8,30.316078938271648,78.03056904461364
ISBT,98,43.58847443981951,15:30,15,30.345508100772598,78.03432380494007
ISBT,170,15.904022247995847,21:55,21,30.345775211260197,78.03330782739549
ISBT,157,13.148957966002852,11:56,11,30.34209084119237,78.03388541528746
Clock Tower,216,8.484964554472018,8:40,8,30.3171647472565,78.03312938260984
Prem Nagar,68,36.76966393515251,9:43,9,30.316253725940935,78.02749221212915
Clock Tower,156,26.49032718052735,10:12,10,30.316401657857927,78.03340898720143
Clock Tower,235,5.0,6:04,6,30.3165545897716,78.03277000370785
Rajpur Road,144,19.70870256342546,10:17,10,30.32613694665056,78.04093051718928
ISBT,138,16.745498537528682,20:31,20,30.347243950972125,78.03246801845417
Prem Nagar,102,35.09164600347024,9:00,9,30.3167128550051,78.02638015212133
Clock Tower,184,24.181115710763997,7:47,7,30.316530253041048,78.03024825812646
ISBT,175,16.775281391194596,7:43,7,30.345970066467054,78.03265140804373
Prem Nagar,97,29.411444789270607,11:58,11,30.318457886085188,78.02964633497314
Rajpur Road,167,11.746196682987248,7:04,7,30.327566550317602,78.04203207052107
ISBT,148,22.867801021671458,17:01,17,30.346611417864985,78.03284988964128
Rajpur Road,150,17.846633499114464,12:03,12,30.324947688491534,78.04038548565808
Rajpur Road,157,8.629355782603719,10:43,10,30.32371186028788,78.0398347070431
ISBT,216,8.563447699113055,6:03,6,30.347526757076015,78.03329208108646
Rajpur Road,136,23.816179772930155,12:33,12,30.32699125725196,78.04246772187322
ISBT,128,16.764505425085652,20:13,20,30.346096238409,78.03319355903312
ISBT,136,21.094127096649945,15:50,15,30.345533139616258,78.03464611478414
Rajpur Road,138,18.32763942777459,7:03,7,30.32556483862814,78.04037860488175
ISBT,137,15.771912979049254,15:08,15,30.344518414258182,78.03224897186345
Rajpur Road,116,16.27444405968605,10:39,10,30.324229506113088,78.04133471223687
Prem Nagar,165,17.16353878134384,9:45,9,30.315135385469038,78.0278286044832
ISBT,129,27.742801574283224,17:42,17,30.34503168543078,78.03240796165193
Rajpur Road,142,26.10266538665796,15:11,15,30.324684976913026,78.04254356347049
Prem Nagar,51,35.178521384241854,11:15,11,30.317868376098005,78.03189864086339
Prem Nagar,145,11.980554369956522,12:52,12,30.31625943046901,78.02677958756199
Prem Nagar,106,28.54290222796579,18:06,18,30.31862722472217,78.02936501416993
Clock Tower,118,26.637467341258212,7:15,7,30.31537152130022,78.03142708691162
Clock Tower,142,20.77629534947949,12:26,12,30.314335240031166,78.03267834934469
ISBT,137,24.022378147322364,17:48,17,30.346479316559446,78.03389813475165
Clock Tower,204,6.112718486416358,10:38,10,30.31841356876946,78.03209673576588
ISBT,97,27.869791005916397,15:14,15,30.344893017284793,78.0334679250031
ISBT,139,35.35720202713259,7:29,7,30.345362793623163,78.03296232020297
Clock Tower,206,10.60599871875699,18:19,18,30.315336595792985,78.03200315321735
Prem Nagar,81,36.594529805820805,12:41,12,30.314845089128305,78.03018529969687
Rajpur Road,164,20.126497182581694,20:31,20,30.324776465037097,78.03958079445232
ISBT,142,15.394789393981801,19:02,19,30.349019367903775,78.03352192992774
Prem Nagar,142,24.156633220811777,20:37,20,30.316885051813422,78.02870252683644
ISBT,238,7.778287344129491,17:38,17,30.346602789871632,78.03363066771193
Clock Tower,176,12.875285557949592,7:43,7,30.31634979068594,78.03311625852466
Clock Tower,148,7.909694912535301,18:30,18,30.315697985766185,78.03202670919438
ISBT,143,24.07522595851999,21:48,21,30.344866817427473,78.03136420051015
Rajpur Road,193,17.727227599458267,11:43,11,30.322970711112923,78.04089788062545
ISBT,140,22.544018548527042,10:02,10,30.344786284294692,78.03275056128872
Prem Nagar,131,26.84292322675089,15:57,15,30.316494453973316,78.02934496862264
ISBT,139,24.700715165569417,10:06,10,30.34710813073196,78.03287294633436
Prem Nagar,113,27.721154168516634,13:19,13,30.315063122745176,78.02792880708917
Prem Nagar,137,12.481730109939166,20:29,20,30.31624499836237,78.03031473807907
ISBT,142,23.033964487720986,10:21,10,30.346695056728993,78.0343073421154
Rajpur Road,198,11.84364001504918,6:56,6,30.326979606422658,78.04165589232625
Clock Tower,201,7.299742745127235,13:22,13,30.31642517442964,78.03268909841871
Clock Tower,153,17.68517416921673,19:01,19,30.315231122570708,78.03285597700841
Clock Tower,180,9.906179463944895,14:53,14,30.31725324570898,78.03373068181769
Clock Tower,218,9.121101761701734,15:17,15,30.316887822578952,78.03364058023182
Rajpur Road,179,14.180094252531502,9:00,9,30.326287502180957,78.0425299370674
Clock Tower,182,11.293138926266053,20:02,20,30.316739382359334,78.03200286215251
ISBT,135,23.667410140375896,18:00,18,30.344859306608182,78.03401776326248
Prem Nagar,146,20.806628443672036,21:58,21,30.317004839557224,78.02820649506779
Clock Tower,123,30.054796429439985,6:14,6,30.3170424645097,78.03176137468702
ISBT,156,18.576272076220086,7:33,7,30.345090720036126,78.03096870400886
Rajpur Road,176,13.03787872468136,6:36,6,30.325409591793427,78.042802840516
Prem Nagar,139,21.852338568788653,17:12,17,30.317328567223345,78.0292187403918
Clock Tower,164,22.331282131354925,12:24,12,30.315570904663733,78.032032986119
Prem Nagar,85,35.70822843925296,10:35,10,30.318130299443542,78.02847498549335
Prem Nagar,81,30.64728452130992,9:43,9,30.31631578624345,78.02861073489962
Rajpur Road,125,25.16800658321995,20:13,20,30.325287076184495,78.03981372417317
Clock Tower,202,6.412062289620182,8:40,8,30.317100997909208,78.03104583143839
Rajpur Road,141,7.1191898495042185,19:54,19,30.325941390143075,78.04168444227716
Prem Nagar,123,24.826414379377102,14:48,14,30.317782973116724,78.02797187500975
Clock Tower,166,11.776514501728629,11:55,11,30.317774800394904,78.0320120338115
ISBT,119,28.000820919728834,17:38,17,30.345604733890713,78.03283944086152
Prem Nagar,122,22.783051675194976,15:19,15,30.31629893119272,78.02912728708093
ISBT,116,30.578342603234027,13:43,13,30.345516539056888,78.03230026778685
ISBT,134,18.95335257085296,19:49,19,30.345226632767886,78.03358351117974
Prem Nagar,107,27.396809728149645,7:02,7,30.315719639988007,78.02964212357271
ISBT,162,13.038525184086236,20:43,20,30.34793318444822,78.03335562069147
Rajpur Road,154,25.165564729255138,17:09,17,30.325592854348947,78.04224080333518
Prem Nagar,126,19.713325744050017,8:12,8,30.316500265819677,78.03088173979633
Rajpur Road,201,8.22449831990657,15:48,15,30.327214457497156,78.04116991424856
ISBT,160,16.972674901856372,7:20,7,30.34641012258827,78.0342360445542
Prem Nagar,140,17.80553662987132,17:29,17,30.316085802353463,78.02948710544209
Prem Nagar,83,39.83241032322237,21:07,21,30.317236955135343,78.02785696722573
Rajpur Road,152,19.64381742442684,12:40,12,30.32419454059195,78.04402872924642
Clock Tower,200,7.136591799203506,15:31,15,30.31850085881153,78.03160623459104
Prem Nagar,123,21.811923018800112,10:21,10,30.31554125427346,78.02652347892452
Rajpur Road,139,7.628720050915295,7:52,7,30.32606365918462,78.04230531706587
ISBT,62,39.4324933294347,6:37,6,30.346010695297053,78.0338330180189
ISBT,142,34.790876283102996,15:16,15,30.347798291096872,78.03273112170271
Rajpur Road,155,25.318805809508905,15:38,15,30.324754469518975,78.04034401002278
Prem Nagar,110,23.294886496668106,7:24,7,30.317344128159768,78.03148591441285
Clock Tower,172,15.04945657871967,9:01,9,30.314915771717,78.03189451325225
Clock Tower,196,5.0,20:41,20,30.316737179163482,78.03258083020451
Prem Nagar,162,21.914553714791072,7:38,7,30.316040347003533,78.03005581929142
Clock Tower,204,5.0,10:00,10,30.31707631260169,78.03083387078942
Rajpur Road,157,16.850670805021036,13:34,13,30.325626030466633,78.04016434641518
ISBT,129,20.48056967337208,11:14,11,30.346777052284367,78.0345562637262
Prem Nagar,88,37.72712216138129,13:22,13,30.315540008286366,78.02857572601717
ISBT,144,20.2090216181014,19:24,19,30.34684156749316,78.0338322775084
Prem Nagar,90,24.773973677938873,12:20,12,30.31665157703938,78.02833704297494
Clock Tower,216,12.311446874645757,15:51,15,30.316576623798035,78.03073394233374
Rajpur Road,176,12.024431318361437,19:04,19,30.326188095553903,78.04195718692631
Clock Tower,186,12.561487652576917,17:30,17,30.31412751483131,78.03340095970498
Rajpur Road,190,14.58997388195726,10:51,10,30.326467392273983,78.04143415898984
Clock Tower,196,15.884102467232507,14:01,14,30.316839805206406,78.03274109631946
Clock Tower,192,6.7905756889702555,8:04,8,30.316394251390793,78.03400620875323
Clock Tower,186,9.422078062926657,19:04,19,30.31709024785493,78.03052843996358
ISBT,165,19.479025105137854,10:19,10,30.344061973845488,78.0340417937383
Rajpur Road,161,23.350869704690506,9:15,9,30.326401026535244,78.04029979755235
ISBT,153,20.3038711936292,21:46,21,30.3446404057318,78.03195144347525
Prem Nagar,127,20.54012923853262,16:31,16,30.316970131826817,78.02810696708532
ISBT,122,19.805026997380025,15:23,15,30.344990935165082,78.0335458749564
ISBT,114,25.936183724519072,7:28,7,30.34450668577384,78.03349945782752
Rajpur Road,93,29.3654150799986,15:13,15,30.325905496519173,78.04262676621205
Clock Tower,81,29.710364532072667,12:45,12,30.317794240255278,78.03170671541967
Clock Tower,176,5.0,6:18,6,30.316093043674886,78.03350014199184
Rajpur Road,237,8.843959502747792,15:09,15,30.325846017727446,78.0422606646657
Prem Nagar,115,20.67996916026318,20:48,20,30.316362430997394,78.02921712192597
Prem Nagar,106,27.63987744791681,8:48,8,30.317381559425673,78.02934294838519
Clock Tower,154,15.145121830371384,13:26,13,30.316380959576485,78.0325518121658
Prem Nagar,84,36.87090396767568,9:05,9,30.316100046136366,78.02911822950036
Rajpur Road,179,10.180257926362597,20:44,20,30.326507786025182,78.03900312791531
ISBT,163,15.13759720006799,20:23,20,30.34636516877315,78.03435489968993
Rajpur Road,180,13.005751282411744,7:45,7,30.325565436766393,78.0397057969652
ISBT,133,23.12774518789562,11:41,11,30.3456838462545,78.03423756462068
ISBT,92,32.06489623264705,17:14,17,30.346405427065765,78.03394368654163
Rajpur Road,153,20.646827955633036,17:01,17,30.324311873057074,78.04201861760893
Prem Nagar,125,27.94559089386328,15:50,15,30.31626181864978,78.02784172405414
Rajpur Road,143,23.104339225629133,7:54,7,30.326059361437963,78.04127261748712
ISBT,165,17.744384019588455,20:43,20,30.342550219532352,78.03625881165046
Prem Nagar,180,14.300500969532004,14:20,14,30.317155354023832,78.02794780424999
ISBT,141,23.143592636523344,17:31,17,30.344887371714815,78.03369866088977
ISBT,147,17.084394726671903,14:50,14,30.346358766300476,78.03358962629795
Rajpur Road,252,6.400579500901566,8:11,8,30.325776322358067,78.04067344211599
Prem Nagar,121,34.775542241719705,21:06,21,30.314285990392282,78.02984270935619
ISBT,127,22.52813669147408,7:23,7,30.346400957781782,78.03393663961536
Clock Tower,151,21.646655105780656,7:43,7,30.31647428813553,78.03206591056525
Prem Nagar,126,27.979838753558692,8:51,8,30.31557387365113,78.03083142479892
Clock Tower,211,5.0,13:41,13,30.316463575053763,78.03305291564995
ISBT,186,9.492536280359307,6:33,6,30.3453950147768,78.03203992049822
ISBT,114,18.526680392335045,12:38,12,30.34893130979503,78.03419259237423
Prem Nagar,114,27.18799224875724,17:30,17,30.316558486984835,78.02623117621316
Rajpur Road,200,16.463726447591036,8:22,8,30.326875188748946,78.04084923960109
Rajpur Road,181,9.391004477666142,14:47,14,30.32425999111995,78.04208110658966
Rajpur Road,179,18.610568860377537,17:24,17,30.324234330017614,78.04173737567342
Rajpur Road,137,20.906787456349104,9:50,9,30.325212536314506,78.04201339976811
Rajpur Road,146,23.51695413935905,15:18,15,30.327441378522156,78.04264684906245
ISBT,177,14.169063320909457,17:53,17,30.34404426110608,78.03330533532177
ISBT,108,34.81689582523325,14:46,14,30.345351281827188,78.0324870612434
ISBT,191,19.784248973029207,11:43,11,30.34718235101782,78.03299127791405
Rajpur Road,183,18.24784512876453,6:39,6,30.325888247012738,78.04280375938973
Prem Nagar,118,28.91545184311873,13:22,13,30.316265161762626,78.03017210768789
Rajpur Road,132,30.84578301698226,11:10,11,30.326812194944235,78.03984718041704
Prem Nagar,103,35.94358339461141,11:36,11,30.31562766124918,78.02550466142672
Rajpur Road,158,23.406532685386125,11:15,11,30.326904522834422,78.04167829391189
Clock Tower,196,18.978989030679074,10:04,10,30.31684412893486,78.03192335366558
ISBT,130,22.936584148895392,20:45,20,30.347072410887286,78.03442214415111
Prem Nagar,129,33.11227108278657,12:52,12,30.315447054312,78.02601454056897
ISBT,158,21.909787458161627,8:12,8,30.347458691661238,78.03262660594714
Prem Nagar,97,29.892351813310764,11:28,11,30.31775817918126,78.02948532978529
Rajpur Road,151,27.25468413600865,15:39,15,30.324315578258393,78.0423966201721
Clock Tower,165,17.946016517371177,13:43,13,30.317300047273033,78.03202486101766
Clock Tower,203,6.214607468748218,20:30,20,30.319107539699235,78.03293806612116
Prem Nagar,82,39.871691803786696,13:31,13,30.318045690869823,78.02891741079911
Prem Nagar,138,30.590234722683,10:47,10,30.316849252839436,78.03130507452912
ISBT,135,23.149334616289128,8:46,8,30.345978983942103,78.03428179583976
Rajpur Road,152,25.639110173102164,13:16,13,30.325675191239508,78.04339566996539
Prem Nagar,57,38.48982567997865,12:41,12,30.317493670577875,78.03018529660048
Clock Tower,190,10.643425109658512,6:15,6,30.317374876374004,78.03252139856116
Rajpur Road,109,24.607843336901542,9:25,9,30.325079185824922,78.04132482620945
Rajpur Road,121,23.605330138279985,15:47,15,30.32672797698171,78.0408325486465
Prem Nagar,100,34.21353009349225,17:42,17,30.317387356163085,78.0299370168458
Prem Nagar,138,14.623131330793786,11:30,11,30.315085291810444,78.02863639665718
Rajpur Road,165,13.571157960773412,9:04,9,30.325525544573704,78.03929185719066
Rajpur Road,162,15.479480922079507,7:33,7,30.323519836602358,78.04156579196857
Rajpur Road,182,5.81987360607023,7:06,7,30.324271731514543,78.04365535549205
ISBT,108,36.92051039029559,11:19,11,30.34351508766664,78.03235307182028
ISBT,138,27.250185368319,19:58,19,30.347975244994185,78.03305100895103
Clock Tower,194,16.505971381382917,16:40,16,30.31734735425893,78.03352889533923
ISBT,171,26.876477654816902,17:20,17,30.347202028440112,78.0340875513728
Prem Nagar,118,19.378802168692054,7:51,7,30.315923222470214,78.03194725794734
Prem Nagar,111,27.092034759481546,12:45,12,30.31612320588443,78.02927724824103
Rajpur Road,140,25.051868498626426,6:06,6,30.325209804721094,78.04017545954572
ISBT,98,32.70768287305721,8:41,8,30.34416777306827,78.0343382102519
Clock Tower,132,23.851138495828405,18:30,18,30.31697116093878,78.03264430262821
ISBT,172,22.53270067495908,18:01,18,30.34592215004118,78.03145925401597
Clock Tower,185,18.992663135605937,19:10,19,30.31599012109296,78.03336962686573
Prem Nagar,98,30.397387381659858,7:18,7,30.31518267261842,78.02808059264576
Prem Nagar,93,31.34566431482514,20:00,20,30.317121722042437,78.02826495878821
Rajpur Road,135,28.58667770000992,10:19,10,30.32655852239377,78.04027963902077
Clock Tower,150,17.231524234322638,12:21,12,30.3154422901126,78.03378499912812
Clock Tower,189,8.171931286280202,12:24,12,30.31708906945457,78.03152697109327
ISBT,156,16.568397423828277,21:55,21,30.345550135737582,78.03321883735514
Prem Nagar,183,13.599211610940896,7:14,7,30.317300142413607,78.02866729774968
ISBT,125,12.725132293630267,6:04,6,30.346005311748915,78.0324538767766
ISBT,166,12.25626209545137,8:48,8,30.344813088861187,78.03165685352924
ISBT,146,25.33743793110736,10:56,10,30.346644566264803,78.0329467512711
Rajpur Road,129,24.511656748095614,16:05,16,30.32699180795967,78.04069284056122
Prem Nagar,130,26.521439266921362,18:36,18,30.316289646564115,78.02937918112205
ISBT,178,23.096615701210375,20:25,20,30.346125776049593,78.03561863631363
Prem Nagar,107,15.866339441189075,15:00,15,30.315810741059448,78.02930180583402
Prem Nagar,107,36.64433139622017,9:51,9,30.316252812340515,78.02821311367578
